{
  "FinalFitResults": [
    0.99068745274695846,
    5.0229483132233943,
    1.0176881293364834,
    0.68651433981687893,
    0.03050719400044553,
    0.029465513655115703
  ],
  "FinalFitResultsCI": [
    [
      0.95552546166352614,
      4.8018104664025358,
      0.939186011257263,
      0.68342800185388841,
      0.028105697678376743,
      0.026336981860186712
    ],
    [
      1.0258494438303909,
      5.2440861600442528,
      1.0961902474157039,
      0.68960067777986944,
      0.032908690322514318,
      0.032594045450044691
    ]
  ],
  "FirstFitResults": [],
  "FirstFitResultsCI": [],
  "LinkageNumber": [
    121044,
    113248,
    106851
  ],
  "allSettings": {
    "maxdist": 3E-6,
    "dt_arr": [
      1,
      2,
      3
    ],
    "frame_time": 0.01,
    "frame_dist_BG_start": 50,
    "frame_dist_BG": [
      51,
      52,
      53,
      54,
      55,
      56
    ],
    "performestimationfit": false,
    "verbose": true,
    "verboseReal": true,
    "bgbinningnr": 100,
    "startpointBG": 2.4000000000000003E-6,
    "fitWithBleach": true,
    "fixRatios2pop": false,
    "StoreSWIFTparameters": false,
    "noiseDensity": 0,
    "lb_1pop": "[1e-4]",
    "ub_1pop": "[1e4]",
    "lb_2pop": "[1e-4 1e-4 1e-4]",
    "ub_2pop": "[1e4 1e4 1e4]",
    "lb_adda": "[1e-4 1e-4 1e-4]",
    "ub_adda": "[1e4 1e4 1e4]",
    "linorlogvis": "log",
    "loc_unc": 3.0000000000000004E-8,
    "AutoChoosePop": 0,
    "populations": 2,
    "createJDsonly": 0,
    "start_1pop": "[0.10-10]",
    "start_2pop": "[0.5-2 5-20 1]",
    "start_aDDA": "[50 50 1]",
    "savemaxdata": false,
    "linorlogBGsubtract": "log",
    "inputAnaDDA": {
      "numberofspecies": 1,
      "upperDfree": 10,
      "sigmaerror": 0.030000000000000002,
      "confinement": true,
      "radiusofcell": 1,
      "lengthcell": 2.5,
      "compensatetracking": 0,
      "trackingwindow": 0.003,
      "fixedparameters": [
        [
          -1,
          -1,
          -1,
          -1
        ],
        [
          -1,
          -1,
          -1,
          -1
        ],
        [
          -1,
          -1,
          -1,
          -1
        ]
      ],
      "bootstrapping": true,
      "numberofbootstraps": 8,
      "cyclenumber": 4,
      "lowerstartkoff": 0.05,
      "upperstartkoff": 2000,
      "lowerstartkon": 0.1,
      "upperstartkon": 10,
      "precision": 65536,
      "nofit": false,
      "plotlog": true,
      "KSstats": true,
      "koff1_A": 30,
      "koff2_A": 1.0E+10,
      "kon1_A": 30,
      "kon2_A": 0.0001,
      "Dfree_A": 1,
      "fractionB": 0,
      "koff1_B": 30,
      "koff2_B": 1.0E+10,
      "kon1_B": 30,
      "kon2_B": 0.0001,
      "Dfree_B": 4.5,
      "Nparticles": 50000,
      "distributionNparticles": [
        0.28723,
        0.20581,
        0.14747,
        0.10567,
        0.07572,
        0.05425,
        0.03887,
        0.08496
      ],
      "framerange": 1,
      "pixelsize": 1,
      "Steptime": 1E-5,
      "frametimerange": [
        0.01,
        0.02,
        0.03
      ]
    },
    "stroboFrameTime": 0,
    "fitvis": 1,
    "minlogpoint": 1E-9,
    "norm_bins": 10000,
    "start_3pop": [
      0.05,
      1,
      29,
      0.9
    ],
    "lb_3pop": [
      1E-5,
      1E-5,
      1E-5,
      0
    ],
    "ub_3pop": [
      10000,
      10000,
      10000,
      100
    ],
    "debug": false,
    "performsecondfit": 1,
    "verboseMLEIntFit": true,
    "vis": 0,
    "fitvisHO": 0,
    "visualisationMLEIntFit": 0,
    "useAIC": 0,
    "freefit_locunc": false,
    "callfromUI": [],
    "loc_filter": [
      "x_nm_>=5000",
      "<0",
      "<0",
      "<0",
      "<0"
    ]
  },
  "TimeSpendTotal_ms": 33596
}